id,name
1,Dept_tYfS
2,Dept_wTRU
3,Dept_uXWs
4,Dept_JkDI
5,Dept_Mjvz
6,Dept_SoJr
7,Dept_qsMz
8,Dept_Ylfn
9,Dept_BBOb
10,Dept_gVVI
11,Dept_LRPf
12,Dept_ZSFN
13,Dept_wmnz
14,Dept_Kcpt
15,Dept_ahjG
16,Dept_vwLg
17,Dept_BqGe
18,Dept_VnwH
19,Dept_qBMB
20,Dept_MUrE
21,Dept_JbYT
22,Dept_RXal
23,Dept_DweU
24,Dept_FSZl
25,Dept_VsTA
26,Dept_NPjC
27,Dept_fRHn
28,Dept_JiHn
29,Dept_dxGO
30,Dept_FkFw
31,Dept_fkAl
32,Dept_Ghgx
33,Dept_yRCf
34,Dept_hngt
35,Dept_JQRp
36,Dept_sTfy
37,Dept_QFLh
38,Dept_UKNb
39,Dept_GTCs
40,Dept_Uczk
41,Dept_PwEA
42,Dept_ElYk
43,Dept_DGnm
44,Dept_kWUx
45,Dept_pGvD
46,Dept_ZiPi
47,Dept_BdOD
48,Dept_DVPe
49,Dept_vbWo
50,Dept_VCMS
51,Dept_dHaJ
52,Dept_zqxX
53,Dept_oBox
54,Dept_uHdM
55,Dept_wuem
56,Dept_icUt
57,Dept_mqCW
58,Dept_xyKn
59,Dept_DcmG
60,Dept_wLlz
61,Dept_Gttg
62,Dept_EaDX
63,Dept_zKnC
64,Dept_ziJy
65,Dept_ficz
66,Dept_gcEX
67,Dept_CWRv
68,Dept_kctA
69,Dept_zNDl
70,Dept_QCav
71,Dept_qDDm
72,Dept_uiHG
73,Dept_WjrQ
74,Dept_SEnY
75,Dept_yYDR
76,Dept_SbVp
77,Dept_UeIZ
78,Dept_SqIs
79,Dept_GnIy
80,Dept_oXvk
81,Dept_Mrss
82,Dept_rfOS
83,Dept_pVzZ
84,Dept_QoQR
85,Dept_oXOW
86,Dept_XbGJ
87,Dept_NDha
88,Dept_cDqf
89,Dept_lCkW
90,Dept_cBIh
91,Dept_UHDV
92,Dept_dNwQ
93,Dept_WtgE
94,Dept_mMQw
95,Dept_mMrq
96,Dept_YrmB
97,Dept_TwUe
98,Dept_sYbp
99,Dept_IAHJ
100,Dept_VWgw
101,Dept_xIJx
102,Dept_wwxp
103,Dept_gxdU
104,Dept_eeya
105,Dept_Iikm
106,Dept_FzWx
107,Dept_vhAY
108,Dept_WVMa
109,Dept_daaO
110,Dept_wpUj
111,Dept_rISh
112,Dept_XmbC
113,Dept_XCDE
114,Dept_zNyH
115,Dept_CdBb
116,Dept_yCvR
117,Dept_GOsa
118,Dept_SSyG
119,Dept_egsQ
120,Dept_ZTSF
121,Dept_mOHV
122,Dept_MEdQ
123,Dept_MdlF
124,Dept_xouS
125,Dept_ssHq
126,Dept_eTiQ
127,Dept_GKgW
128,Dept_rUrj
129,Dept_WreP
130,Dept_zEiI
131,Dept_HOug
132,Dept_ELOA
133,Dept_hkJb
134,Dept_vzCN
135,Dept_zsrj
136,Dept_OJag
137,Dept_LBQd
138,Dept_SxLY
139,Dept_esFn
140,Dept_qlem
141,Dept_FMYZ
142,Dept_waKb
143,Dept_oDKr
144,Dept_WcRj
145,Dept_uzaf
146,Dept_VNgO
147,Dept_MbJk
148,Dept_diVO
149,Dept_vfYC
150,Dept_ZzTC
151,Dept_mGVr
152,Dept_KGoe
153,Dept_EyAP
154,Dept_PXYU
155,Dept_Dsrz
156,Dept_UxSk
157,Dept_uica
158,Dept_BJqL
159,Dept_BdVJ
160,Dept_FrvN
161,Dept_FsBL
162,Dept_obJT
163,Dept_EJru
164,Dept_WDrD
165,Dept_ffWR
166,Dept_hmCQ
167,Dept_ayyb
168,Dept_rdmi
169,Dept_ARDW
170,Dept_XGsu
171,Dept_Kjqt
172,Dept_FWms
173,Dept_fJoz
174,Dept_jqwA
175,Dept_iTCg
176,Dept_ddpV
177,Dept_vTOW
178,Dept_iZZU
179,Dept_ybAS
180,Dept_UjJP
181,Dept_sNui
182,Dept_AStl
183,Dept_ZOoe
184,Dept_kiqx
185,Dept_SEpp
186,Dept_Xkqb
187,Dept_QCPY
188,Dept_kMgZ
189,Dept_PvUg
190,Dept_EYdq
191,Dept_fwUS
192,Dept_cyVo
193,Dept_uEfY
194,Dept_CdTv
195,Dept_AzjF
196,Dept_Rann
197,Dept_nReg
198,Dept_SDaM
199,Dept_VuNX
200,Dept_WsrU
201,Dept_zLgF
202,Dept_neLd
203,Dept_qkUY
204,Dept_faNn
205,Dept_FmIV
206,Dept_oNKL
207,Dept_SbRX
208,Dept_IuUc
209,Dept_NgQS
210,Dept_ZjHY
211,Dept_CxMn
212,Dept_vfGC
213,Dept_BBwC
214,Dept_CwzJ
215,Dept_HtJx
216,Dept_lHzH
217,Dept_SgnY
218,Dept_glgd
219,Dept_izNM
220,Dept_qHLC
221,Dept_qqjC
222,Dept_jSyS
223,Dept_mWay
224,Dept_exnu
225,Dept_hDeW
226,Dept_Etvf
227,Dept_UIOP
228,Dept_ELTr
229,Dept_qVNv
230,Dept_JEqY
231,Dept_hQwN
232,Dept_UYoL
233,Dept_jfzF
234,Dept_uEVF
235,Dept_EVzZ
236,Dept_ozgK
237,Dept_nkTR
238,Dept_ewVG
239,Dept_oeNX
240,Dept_rnCP
241,Dept_TnBQ
242,Dept_IGrL
243,Dept_gPqd
244,Dept_VJZt
245,Dept_Pdmj
246,Dept_idJT
247,Dept_jDEf
248,Dept_FqXF
249,Dept_UrxY
250,Dept_mvLf
251,Dept_DDer
252,Dept_MZmZ
253,Dept_HpeA
254,Dept_KObX
255,Dept_WxZl
256,Dept_UHZC
257,Dept_vZXV
258,Dept_FKVz
259,Dept_PfBn
260,Dept_cfbp
261,Dept_UJuN
262,Dept_pUoD
263,Dept_XUkZ
264,Dept_ZpNW
265,Dept_aUEY
266,Dept_xoKH
267,Dept_ZNiK
268,Dept_nfxx
269,Dept_otCH
270,Dept_VMpb
271,Dept_qTbC
272,Dept_HgIq
273,Dept_BumI
274,Dept_Cqcm
275,Dept_xhla
276,Dept_wPTC
277,Dept_cAQJ
278,Dept_mugJ
279,Dept_hvUG
280,Dept_yoUS
281,Dept_lOHB
282,Dept_cCPo
283,Dept_oBpb
284,Dept_EnzP
285,Dept_HFhF
286,Dept_EJWW
287,Dept_BdzJ
288,Dept_CQib
289,Dept_HhrD
290,Dept_lzTp
291,Dept_ZrEm
292,Dept_NKcG
293,Dept_KoCK
294,Dept_Hxxm
295,Dept_hqQp
296,Dept_LQKp
297,Dept_RXwJ
298,Dept_KNas
299,Dept_AWwm
300,Dept_JawO
301,Dept_icaE
302,Dept_QLHC
303,Dept_dEtS
304,Dept_oEAO
305,Dept_zKfa
306,Dept_rHbk
307,Dept_ZaAL
308,Dept_oxGR
309,Dept_nMWa
310,Dept_RZff
311,Dept_Rxxz
312,Dept_bagY
313,Dept_vMEF
314,Dept_Mnuq
315,Dept_LbKv
316,Dept_JDQa
317,Dept_WLxN
318,Dept_dTJh
319,Dept_mmSE
320,Dept_eCAQ
321,Dept_pdBb
322,Dept_PATL
323,Dept_Lggs
324,Dept_MLjz
325,Dept_fGSp
326,Dept_fUcl
327,Dept_qNNU
328,Dept_uYTB
329,Dept_CHDu
330,Dept_uYNk
331,Dept_NbHS
332,Dept_pWVf
333,Dept_pAed
334,Dept_jjws
335,Dept_xoez
336,Dept_KLSb
337,Dept_wgPR
338,Dept_CkqS
339,Dept_pdlX
340,Dept_BuAU
341,Dept_JXVs
342,Dept_TYXo
343,Dept_hHGj
344,Dept_kvRM
345,Dept_bfKX
346,Dept_ULGW
347,Dept_kYcF
348,Dept_ZtEj
349,Dept_LRMl
350,Dept_HkHd
351,Dept_DmBC
352,Dept_JJQa
353,Dept_PhCP
354,Dept_ZRbi
355,Dept_ogDw
356,Dept_YrRd
357,Dept_GSJh
358,Dept_QOqf
359,Dept_HmrT
360,Dept_vTQT
361,Dept_xvdE
362,Dept_mBdh
363,Dept_ZbOO
364,Dept_PxjU
365,Dept_uKWy
366,Dept_fUkl
367,Dept_JrNl
368,Dept_lUCg
369,Dept_mUdJ
370,Dept_FaDT
371,Dept_jMDb
372,Dept_tbJd
373,Dept_vuBi
374,Dept_hgFR
375,Dept_keqW
376,Dept_wvZs
377,Dept_keXz
378,Dept_GUNr
379,Dept_hLgf
380,Dept_MqKh
381,Dept_bvFi
382,Dept_nOpt
383,Dept_zJeM
384,Dept_rZkd
385,Dept_ObZb
386,Dept_HeKQ
387,Dept_wVrp
388,Dept_bCov
389,Dept_pWsB
390,Dept_jGwY
391,Dept_cVLr
392,Dept_bqCN
393,Dept_dwTq
394,Dept_gYXw
395,Dept_Tvdi
396,Dept_irqz
397,Dept_qTJJ
398,Dept_WxAy
399,Dept_mYeR
400,Dept_yKpN
401,Dept_jgdh
402,Dept_mMKM
403,Dept_BQvL
404,Dept_Myfc
405,Dept_jezF
406,Dept_jiDD
407,Dept_Oovl
408,Dept_oTYL
409,Dept_GfiM
410,Dept_giiM
411,Dept_UMGu
412,Dept_SnKH
413,Dept_XRGb
414,Dept_ouoz
415,Dept_wUjN
416,Dept_aVrx
417,Dept_OStV
418,Dept_sdOx
419,Dept_fkLg
420,Dept_Eqea
421,Dept_yDIw
422,Dept_gSsg
423,Dept_FYDn
424,Dept_kTHe
425,Dept_SXhD
426,Dept_yhux
427,Dept_QqpF
428,Dept_ITfU
429,Dept_QVCA
430,Dept_DBra
431,Dept_yjEC
432,Dept_sRZy
433,Dept_DFVl
434,Dept_trwp
435,Dept_Ebmu
436,Dept_dWoO
437,Dept_gxZa
438,Dept_ievq
439,Dept_FiIe
440,Dept_cbBf
441,Dept_ydvM
442,Dept_CDUN
443,Dept_Niks
444,Dept_GMZT
445,Dept_QPWM
446,Dept_PorX
447,Dept_sPmX
448,Dept_eDXw
449,Dept_OyEO
450,Dept_RjKI
451,Dept_QNNY
452,Dept_KHCb
453,Dept_uXpl
454,Dept_wIBZ
455,Dept_QGYg
456,Dept_ziRl
457,Dept_lXcW
458,Dept_bRMA
459,Dept_lEqt
460,Dept_tMxl
461,Dept_sMWr
462,Dept_HtWN
463,Dept_TXnH
464,Dept_HbwV
465,Dept_JuVx
466,Dept_YAop
467,Dept_sezW
468,Dept_bzwX
469,Dept_qVfG
470,Dept_WNQT
471,Dept_JfXO
472,Dept_unqz
473,Dept_qNhe
474,Dept_SEAa
475,Dept_zfGu
476,Dept_TxHF
477,Dept_tRhF
478,Dept_KgkV
479,Dept_pLzY
480,Dept_NDXS
481,Dept_rFfC
482,Dept_BTFN
483,Dept_PyCZ
484,Dept_wgEj
485,Dept_PACl
486,Dept_DAHw
487,Dept_ijLk
488,Dept_fghL
489,Dept_zTgi
490,Dept_eWDS
491,Dept_PswM
492,Dept_hSQn
493,Dept_wZum
494,Dept_dRwc
495,Dept_yRrp
496,Dept_eLlV
497,Dept_kpCZ
498,Dept_ZGnX
499,Dept_pxsH
500,Dept_PAPj
501,Dept_jtSy
502,Dept_zUBm
503,Dept_qtXc
504,Dept_YXpm
505,Dept_gqtQ
506,Dept_gDqV
507,Dept_iPFt
508,Dept_imph
509,Dept_PsZQ
510,Dept_dSRw
511,Dept_wpRz
512,Dept_OAwI
513,Dept_ShuI
514,Dept_xcZY
515,Dept_oAbA
516,Dept_qunm
517,Dept_ltpW
518,Dept_ejKL
519,Dept_RzYM
520,Dept_yVmj
521,Dept_WLLs
522,Dept_GLVQ
523,Dept_eXim
524,Dept_MqEB
525,Dept_FzUS
526,Dept_pIvH
527,Dept_jiAU
528,Dept_oTSY
529,Dept_xglt
530,Dept_QbSa
531,Dept_SvZn
532,Dept_nnjH
533,Dept_MejI
534,Dept_PuMO
535,Dept_zGSe
536,Dept_MmTL
537,Dept_ATDm
538,Dept_eDPa
539,Dept_RvWu
540,Dept_WUox
541,Dept_uxvX
542,Dept_gIoh
543,Dept_ejqK
544,Dept_hCUU
545,Dept_CZjU
546,Dept_ZcCY
547,Dept_CbeI
548,Dept_TOks
549,Dept_GpWM
550,Dept_OmCc
551,Dept_nivD
552,Dept_Cgrk
553,Dept_clCR
554,Dept_rOEC
555,Dept_rmlK
556,Dept_lPxf
557,Dept_MHya
558,Dept_rNOh
559,Dept_jviY
560,Dept_OwpR
561,Dept_wbGu
562,Dept_GDGm
563,Dept_vipu
564,Dept_iTGr
565,Dept_VAtD
566,Dept_sMXS
567,Dept_SLFf
568,Dept_SIGE
569,Dept_Fdar
570,Dept_oTlT
571,Dept_rYQW
572,Dept_BlLC
573,Dept_AMdP
574,Dept_SrHT
575,Dept_vhSQ
576,Dept_rTsG
577,Dept_uwAs
578,Dept_UdUD
579,Dept_nkCF
580,Dept_FMls
581,Dept_uRiY
582,Dept_xpAF
583,Dept_zRfJ
584,Dept_Vwjp
585,Dept_aQoW
586,Dept_iYzy
587,Dept_XXqV
588,Dept_VVNT
589,Dept_yziG
590,Dept_NKVj
591,Dept_bzqp
592,Dept_UYFb
593,Dept_EXzD
594,Dept_wekB
595,Dept_JYbG
596,Dept_lnJe
597,Dept_DAJD
598,Dept_wwWZ
599,Dept_YVtw
600,Dept_WbiF
601,Dept_zXqM
602,Dept_CWWo
603,Dept_QgLR
604,Dept_VqqL
605,Dept_hzVr
606,Dept_dGOB
607,Dept_gqZC
608,Dept_yHAX
609,Dept_Sowd
610,Dept_vvxd
611,Dept_Ruai
612,Dept_rGQO
613,Dept_Qtiy
614,Dept_ClNQ
615,Dept_vdJy
616,Dept_kqRT
617,Dept_nTMb
618,Dept_OLsg
619,Dept_PfZv
620,Dept_cwrA
621,Dept_FrUv
622,Dept_YECu
623,Dept_EJTX
624,Dept_bkwi
625,Dept_RhRq
626,Dept_dqVw
627,Dept_xJsc
628,Dept_InMi
629,Dept_LRgq
630,Dept_IuZu
631,Dept_ROzU
632,Dept_AfHb
633,Dept_HMZg
634,Dept_XDFM
635,Dept_WiEE
636,Dept_hXwH
637,Dept_WjOo
638,Dept_HbUP
639,Dept_euBR
640,Dept_KRjZ
641,Dept_kPiB
642,Dept_NPlX
643,Dept_IKkn
644,Dept_hKbR
645,Dept_tFcp
646,Dept_axTr
647,Dept_YMQB
648,Dept_VJjt
649,Dept_UeSK
650,Dept_AixO
651,Dept_aIcF
652,Dept_RMOR
653,Dept_VPJu
654,Dept_FoGV
655,Dept_KMKD
656,Dept_dRRX
657,Dept_WziL
658,Dept_aBjd
659,Dept_JdLk
660,Dept_IxrD
661,Dept_Nbku
662,Dept_zQnq
663,Dept_fxbd
664,Dept_wYUf
665,Dept_sJQg
666,Dept_cXvh
667,Dept_rHLV
668,Dept_wDYq
669,Dept_BXcN
670,Dept_prsk
671,Dept_yzvu
672,Dept_YMFb
673,Dept_JHGy
674,Dept_Yxjk
675,Dept_mCLg
676,Dept_yFeI
677,Dept_wSrK
678,Dept_ZTfQ
679,Dept_imkX
680,Dept_gqtA
681,Dept_FzNe
682,Dept_RyEa
683,Dept_HRAm
684,Dept_zVBI
685,Dept_gsHo
686,Dept_wcpp
687,Dept_WnYz
688,Dept_itXH
689,Dept_WmFv
690,Dept_zJxj
691,Dept_KDSu
692,Dept_amzW
693,Dept_vkPO
694,Dept_dVYS
695,Dept_KVIB
696,Dept_pxWh
697,Dept_OTJy
698,Dept_xTdG
699,Dept_jlKr
700,Dept_yIVw
701,Dept_gAEm
702,Dept_dcee
703,Dept_MWic
704,Dept_MOtu
705,Dept_acpg
706,Dept_mYAr
707,Dept_vygW
708,Dept_NnVW
709,Dept_axsk
710,Dept_crBN
711,Dept_lWGM
712,Dept_xzyc
713,Dept_Ellz
714,Dept_pRVz
715,Dept_FjcD
716,Dept_CDsY
717,Dept_FUCg
718,Dept_AYmB
719,Dept_fBQw
720,Dept_BsWq
721,Dept_MxqP
722,Dept_DCiY
723,Dept_MRfb
724,Dept_JsRV
725,Dept_qnyO
726,Dept_iLtY
727,Dept_gcfu
728,Dept_BBYG
729,Dept_gEOF
730,Dept_WeNh
731,Dept_qoev
732,Dept_OPwS
733,Dept_enwr
734,Dept_SEqv
735,Dept_Mcid
736,Dept_ZHhF
737,Dept_OAMy
738,Dept_epJT
739,Dept_Kawg
740,Dept_GKiY
741,Dept_JRxL
742,Dept_jTBD
743,Dept_GxZT
744,Dept_CsCH
745,Dept_eMrK
746,Dept_IvQA
747,Dept_njDU
748,Dept_hRmQ
749,Dept_PghF
750,Dept_UMPs
751,Dept_kdWh
752,Dept_UZTF
753,Dept_AnDD
754,Dept_iqVD
755,Dept_xOhj
756,Dept_dAJi
757,Dept_iRbG
758,Dept_SflP
759,Dept_BCtb
760,Dept_suhl
761,Dept_UAWl
762,Dept_zTgL
763,Dept_hEpo
764,Dept_ujtu
765,Dept_pTjK
766,Dept_qJPI
767,Dept_kpmK
768,Dept_gLrQ
769,Dept_Rspy
770,Dept_WnvC
771,Dept_HVlL
772,Dept_DNNN
773,Dept_lhfz
774,Dept_sszb
775,Dept_xFDB
776,Dept_kHGn
777,Dept_iwcS
778,Dept_HGfe
779,Dept_tGMx
780,Dept_uzYF
781,Dept_KlrE
782,Dept_nnCC
783,Dept_EbXJ
784,Dept_waJa
785,Dept_HMEw
786,Dept_Afdu
787,Dept_kbRZ
788,Dept_clPM
789,Dept_jRic
790,Dept_AZhE
791,Dept_LmiF
792,Dept_Tjax
793,Dept_tbeT
794,Dept_msDj
795,Dept_NMHw
796,Dept_fEgq
797,Dept_jKCU
798,Dept_YcIy
799,Dept_AYTk
800,Dept_Yhfa
801,Dept_majp
802,Dept_OeWP
803,Dept_jBHP
804,Dept_ZkfQ
805,Dept_yUQT
806,Dept_GXsL
807,Dept_yEjS
808,Dept_vdsy
809,Dept_zLvX
810,Dept_dGNu
811,Dept_CEYv
812,Dept_nnCe
813,Dept_FViG
814,Dept_rLuu
815,Dept_Fgcc
816,Dept_jvyv
817,Dept_seLw
818,Dept_MqqT
819,Dept_JoeX
820,Dept_UAgI
821,Dept_oBCJ
822,Dept_THEA
823,Dept_uWqA
824,Dept_iYGj
825,Dept_DSlE
826,Dept_UwJq
827,Dept_dLVa
828,Dept_FGZV
829,Dept_ehlJ
830,Dept_sOoh
831,Dept_hnQu
832,Dept_UKyH
833,Dept_MTdc
834,Dept_NsPE
835,Dept_LXof
836,Dept_HVSA
837,Dept_yKWn
838,Dept_afGg
839,Dept_Ctzg
840,Dept_YBgr
841,Dept_gtDh
842,Dept_nUzu
843,Dept_buKd
844,Dept_pCUv
845,Dept_ggaW
846,Dept_TpLv
847,Dept_EZnk
848,Dept_CRgW
849,Dept_KUET
850,Dept_pNGK
851,Dept_NKus
852,Dept_plXk
853,Dept_xKsb
854,Dept_bcxQ
855,Dept_khVv
856,Dept_HSnL
857,Dept_uRmM
858,Dept_iqlS
859,Dept_DEsZ
860,Dept_HiJj
861,Dept_ZLHB
862,Dept_VosU
863,Dept_nGLk
864,Dept_qufj
865,Dept_rjLx
866,Dept_bZJr
867,Dept_UPJl
868,Dept_ifyw
869,Dept_LYso
870,Dept_hcAs
871,Dept_VrsR
872,Dept_ePRp
873,Dept_keKd
874,Dept_XhEF
875,Dept_kKuh
876,Dept_udxG
877,Dept_gmpb
878,Dept_IkFe
879,Dept_ZlOQ
880,Dept_mXng
881,Dept_VETn
882,Dept_gnsx
883,Dept_yGsx
884,Dept_EODJ
885,Dept_lZsA
886,Dept_xSJu
887,Dept_TNmS
888,Dept_lpYQ
889,Dept_EhqW
890,Dept_rUOr
891,Dept_WHMj
892,Dept_EPRw
893,Dept_gRjv
894,Dept_EcnV
895,Dept_Gijb
896,Dept_HXTH
897,Dept_NCxC
898,Dept_wNMS
899,Dept_bTIT
900,Dept_WaKd
901,Dept_KDJR
902,Dept_xENC
903,Dept_SmRG
904,Dept_zoUx
905,Dept_iNzL
906,Dept_kEAN
907,Dept_PIul
908,Dept_IlcI
909,Dept_tyid
910,Dept_Uqqc
911,Dept_qdSe
912,Dept_Axym
913,Dept_SStB
914,Dept_glSZ
915,Dept_NUDm
916,Dept_LsSN
917,Dept_IYqn
918,Dept_vfRH
919,Dept_jfnd
920,Dept_ujFZ
921,Dept_AAbx
922,Dept_YVpP
923,Dept_Vxvv
924,Dept_RrpA
925,Dept_hATt
926,Dept_CtkH
927,Dept_vMtJ
928,Dept_Arqt
929,Dept_YfQh
930,Dept_Tnul
931,Dept_fukX
932,Dept_NXVH
933,Dept_JkUL
934,Dept_pEhf
935,Dept_sNvB
936,Dept_XoYq
937,Dept_dksl
938,Dept_onrM
939,Dept_djFo
940,Dept_Gybo
941,Dept_QbEi
942,Dept_hSTk
943,Dept_YVmC
944,Dept_kcIN
945,Dept_EmmR
946,Dept_wzTn
947,Dept_qmFB
948,Dept_osqB
949,Dept_VDrb
950,Dept_gtqU
951,Dept_TiDm
952,Dept_iFvq
953,Dept_abkO
954,Dept_cqAL
955,Dept_gOgb
956,Dept_mxQd
957,Dept_cqLi
958,Dept_OcDn
959,Dept_DuSL
960,Dept_hqFA
961,Dept_jTjL
962,Dept_Ajsl
963,Dept_OZZR
964,Dept_nxGE
965,Dept_TSfI
966,Dept_WoWw
967,Dept_jTKw
968,Dept_xXIC
969,Dept_TBTE
970,Dept_dNRE
971,Dept_JohW
972,Dept_ZQyc
973,Dept_XjMh
974,Dept_GSnc
975,Dept_dQYh
976,Dept_GnjR
977,Dept_MdLW
978,Dept_pafS
979,Dept_tDce
980,Dept_fNQC
981,Dept_LftR
982,Dept_vrwU
983,Dept_mUdo
984,Dept_SAtc
985,Dept_gSyb
986,Dept_zIAQ
987,Dept_OiVk
988,Dept_Bmew
989,Dept_ArFW
990,Dept_QVAc
991,Dept_cuvg
992,Dept_BXUE
993,Dept_qLIy
994,Dept_nJeh
995,Dept_WPPy
996,Dept_COpp
997,Dept_NsSv
998,Dept_QEUa
999,Dept_XxAm
1000,Dept_rcPO
