department_id_P,department_name
1,HR
2,Engineering
3,Finance
4,Sales
5,Sales
6,Marketing
7,HR
8,R&D
9,HR
10,Support
11,Operations
12,Engineering
13,Engineering
14,HR
15,Sales
16,Sales
17,R&D
18,Support
19,Engineering
20,R&D
21,Sales
22,R&D
23,Operations
24,Sales
25,Legal
26,Support
27,Finance
28,Engineering
29,Marketing
30,Operations
31,IT
32,Finance
33,Marketing
34,Sales
35,IT
36,HR
37,HR
38,Operations
39,HR
40,IT
41,IT
42,Support
43,Finance
44,Engineering
45,Legal
46,R&D
47,HR
48,Operations
49,HR
50,R&D
51,Finance
52,Support
53,IT
54,Support
55,Sales
56,HR
57,Engineering
58,Sales
59,Finance
60,HR
61,Sales
62,HR
63,Operations
64,Finance
65,Legal
66,IT
67,Marketing
68,IT
69,IT
70,Sales
71,Finance
72,HR
73,Support
74,Marketing
75,R&D
76,Sales
77,Marketing
78,Legal
79,Operations
80,Finance
81,R&D
82,Sales
83,IT
84,Engineering
85,Sales
86,Engineering
87,IT
88,Operations
89,Finance
90,HR
91,Sales
92,Support
93,IT
94,Sales
95,Legal
96,Operations
97,Legal
98,Marketing
99,Finance
100,Marketing
101,Sales
102,R&D
103,R&D
104,Finance
105,Support
106,Operations
107,Support
108,Operations
109,IT
110,Sales
111,Marketing
112,R&D
113,Legal
114,HR
115,Engineering
116,HR
117,Marketing
118,Marketing
119,Operations
120,Support
121,HR
122,Operations
123,Operations
124,Support
125,Legal
126,R&D
127,Finance
128,R&D
129,Engineering
130,HR
131,R&D
132,Finance
133,IT
134,HR
135,Finance
136,Operations
137,Marketing
138,Legal
139,Engineering
140,Finance
141,R&D
142,Marketing
143,R&D
144,HR
145,Finance
146,R&D
147,Support
148,Sales
149,Marketing
150,IT
151,Marketing
152,R&D
153,R&D
154,Engineering
155,Support
156,IT
157,Legal
158,Engineering
159,HR
160,IT
161,Finance
162,Sales
163,Engineering
164,Sales
165,Support
166,HR
167,HR
168,Legal
169,HR
170,R&D
171,Marketing
172,Marketing
173,Legal
174,R&D
175,Marketing
176,Finance
177,R&D
178,Support
179,Operations
180,Sales
181,R&D
182,Sales
183,Finance
184,Operations
185,IT
186,Legal
187,R&D
188,Legal
189,HR
190,Sales
191,Sales
192,HR
193,IT
194,Engineering
195,Support
196,R&D
197,Sales
198,Support
199,Sales
200,Engineering
201,HR
202,Engineering
203,Sales
204,HR
205,Engineering
206,IT
207,HR
208,R&D
209,Sales
210,Finance
211,Legal
212,Sales
213,R&D
214,Marketing
215,Support
216,Support
217,Legal
218,Sales
219,Legal
220,Operations
221,Sales
222,HR
223,HR
224,Operations
225,IT
226,Operations
227,Operations
228,Legal
229,Engineering
230,HR
231,Engineering
232,Operations
233,IT
234,HR
235,Sales
236,Sales
237,Sales
238,R&D
239,Legal
240,Marketing
241,Operations
242,Marketing
243,Finance
244,Legal
245,Sales
246,HR
247,Legal
248,R&D
249,HR
250,Engineering
251,R&D
252,Engineering
253,HR
254,Sales
255,Marketing
256,Operations
257,Legal
258,Legal
259,Sales
260,Operations
261,Engineering
262,Marketing
263,Operations
264,Engineering
265,Operations
266,Finance
267,Legal
268,Finance
269,Operations
270,R&D
271,Legal
272,Marketing
273,Sales
274,Finance
275,Sales
276,Engineering
277,Support
278,R&D
279,Engineering
280,IT
281,Engineering
282,Engineering
283,Support
284,Legal
285,R&D
286,R&D
287,Marketing
288,Engineering
289,R&D
290,HR
291,Marketing
292,HR
293,Support
294,HR
295,Sales
296,Operations
297,HR
298,Support
299,Sales
300,Support
301,Support
302,Engineering
303,Support
304,HR
305,Operations
306,Support
307,Support
308,R&D
309,IT
310,Finance
311,Sales
312,IT
313,Sales
314,Finance
315,Operations
316,Marketing
317,Finance
318,Legal
319,IT
320,HR
321,Engineering
322,Legal
323,Support
324,Support
325,HR
326,HR
327,R&D
328,Sales
329,R&D
330,Finance
331,Marketing
332,IT
333,HR
334,Sales
335,IT
336,Finance
337,Marketing
338,Legal
339,R&D
340,Finance
341,Support
342,R&D
343,Engineering
344,R&D
345,Finance
346,HR
347,Marketing
348,Finance
349,HR
350,HR
351,R&D
352,Marketing
353,Finance
354,Finance
355,Support
356,Sales
357,IT
358,Sales
359,Finance
360,R&D
361,Legal
362,Finance
363,Engineering
364,HR
365,Operations
366,Finance
367,Engineering
368,Engineering
369,IT
370,Marketing
371,Finance
372,Marketing
373,Legal
374,R&D
375,Operations
376,R&D
377,Engineering
378,HR
379,HR
380,Marketing
381,R&D
382,Engineering
383,IT
384,Support
385,R&D
386,Marketing
387,Operations
388,Marketing
389,Engineering
390,Finance
391,IT
392,Engineering
393,IT
394,Sales
395,Sales
396,HR
397,IT
398,R&D
399,Operations
400,Support
401,Marketing
402,Sales
403,Marketing
404,Marketing
405,Operations
406,Engineering
407,Marketing
408,IT
409,Operations
410,Sales
411,Finance
412,Marketing
413,HR
414,Operations
415,Engineering
416,Legal
417,Sales
418,Sales
419,Legal
420,IT
421,Finance
422,Sales
423,Sales
424,Engineering
425,Sales
426,Operations
427,IT
428,Finance
429,HR
430,Finance
431,IT
432,R&D
433,Operations
434,R&D
435,IT
436,Engineering
437,HR
438,Finance
439,Marketing
440,Support
441,Finance
442,Engineering
443,HR
444,Support
445,Operations
446,IT
447,IT
448,Operations
449,Support
450,R&D
451,HR
452,Operations
453,Support
454,Sales
455,Finance
456,Engineering
457,Operations
458,Engineering
459,R&D
460,R&D
461,Sales
462,IT
463,Operations
464,HR
465,IT
466,Support
467,IT
468,HR
469,Finance
470,R&D
471,Finance
472,Operations
473,IT
474,Operations
475,Finance
476,R&D
477,Marketing
478,Sales
479,Operations
480,Operations
481,Marketing
482,Support
483,Support
484,Finance
485,Operations
486,R&D
487,Engineering
488,Finance
489,Finance
490,Sales
491,Operations
492,Support
493,Support
494,IT
495,Legal
496,Legal
497,Legal
498,Sales
499,R&D
500,Legal
501,Marketing
502,HR
503,Finance
504,R&D
505,Support
506,IT
507,HR
508,Sales
509,Finance
510,Sales
511,Sales
512,Marketing
513,Engineering
514,Engineering
515,Sales
516,Legal
517,Support
518,HR
519,Legal
520,Operations
521,Support
522,Sales
523,Operations
524,Legal
525,Operations
526,Sales
527,Marketing
528,Engineering
529,HR
530,Operations
531,Sales
532,Marketing
533,R&D
534,Legal
535,Engineering
536,R&D
537,Sales
538,HR
539,Legal
540,Marketing
541,Legal
542,R&D
543,R&D
544,Support
545,IT
546,Legal
547,Support
548,R&D
549,Operations
550,R&D
551,Legal
552,Marketing
553,Legal
554,Legal
555,Finance
556,Sales
557,Finance
558,R&D
559,Legal
560,Sales
561,Finance
562,Legal
563,HR
564,Finance
565,Sales
566,Finance
567,IT
568,IT
569,R&D
570,HR
571,Marketing
572,Marketing
573,Sales
574,Operations
575,Marketing
576,Sales
577,HR
578,Operations
579,Operations
580,IT
581,R&D
582,Legal
583,Operations
584,Engineering
585,Sales
586,Operations
587,Operations
588,Support
589,Engineering
590,Support
591,Operations
592,Legal
593,Engineering
594,IT
595,Finance
596,Operations
597,Operations
598,R&D
599,R&D
600,Support
601,Sales
602,Legal
603,Sales
604,Finance
605,Operations
606,Legal
607,Engineering
608,Operations
609,IT
610,Operations
611,Marketing
612,Legal
613,Marketing
614,Support
615,R&D
616,Engineering
617,Operations
618,Support
619,Support
620,Engineering
621,HR
622,Operations
623,Marketing
624,Legal
625,Marketing
626,Engineering
627,Finance
628,Operations
629,IT
630,Sales
631,Legal
632,IT
633,IT
634,Operations
635,Finance
636,Operations
637,Finance
638,HR
639,Legal
640,Engineering
641,R&D
642,Engineering
643,IT
644,Sales
645,HR
646,Engineering
647,Engineering
648,Sales
649,Sales
650,Engineering
651,Support
652,Marketing
653,Sales
654,Marketing
655,Legal
656,HR
657,Support
658,Sales
659,Legal
660,Finance
661,IT
662,Marketing
663,Support
664,Support
665,HR
666,Marketing
667,Finance
668,HR
669,Support
670,Engineering
671,Finance
672,Support
673,Operations
674,Operations
675,Sales
676,HR
677,Support
678,Sales
679,HR
680,Finance
681,Support
682,HR
683,Support
684,Engineering
685,IT
686,R&D
687,Operations
688,IT
689,HR
690,R&D
691,IT
692,Engineering
693,Operations
694,Legal
695,HR
696,Operations
697,IT
698,Legal
699,Marketing
700,Operations
701,Marketing
702,R&D
703,Finance
704,Support
705,R&D
706,Legal
707,Legal
708,Operations
709,Support
710,Finance
711,IT
712,Sales
713,HR
714,Finance
715,Legal
716,Sales
717,Legal
718,Support
719,Support
720,Operations
721,IT
722,Engineering
723,Legal
724,IT
725,Marketing
726,Legal
727,Sales
728,IT
729,Finance
730,IT
731,Finance
732,Support
733,Finance
734,R&D
735,Engineering
736,R&D
737,Sales
738,HR
739,Sales
740,Operations
741,Legal
742,R&D
743,Sales
744,Legal
745,Legal
746,Legal
747,Engineering
748,HR
749,Finance
750,Sales
751,Operations
752,Sales
753,Finance
754,Support
755,IT
756,Legal
757,R&D
758,R&D
759,IT
760,Operations
761,R&D
762,IT
763,IT
764,Legal
765,Finance
766,Finance
767,Finance
768,Sales
769,HR
770,Sales
771,IT
772,HR
773,R&D
774,Marketing
775,Sales
776,Sales
777,Legal
778,Finance
779,Support
780,R&D
781,Support
782,Finance
783,HR
784,Sales
785,Finance
786,Sales
787,IT
788,Marketing
789,Finance
790,Engineering
791,R&D
792,Marketing
793,Finance
794,Engineering
795,Engineering
796,R&D
797,Finance
798,Marketing
799,Legal
800,HR
801,Engineering
802,Support
803,Finance
804,Legal
805,Legal
806,Legal
807,IT
808,Marketing
809,Engineering
810,Finance
811,Legal
812,HR
813,HR
814,Operations
815,Legal
816,HR
817,Support
818,Engineering
819,Marketing
820,Marketing
821,Support
822,Finance
823,HR
824,Sales
825,HR
826,R&D
827,Operations
828,Support
829,Support
830,Support
831,Sales
832,R&D
833,Operations
834,Legal
835,Legal
836,Finance
837,Support
838,Operations
839,Finance
840,Support
841,Support
842,Engineering
843,Support
844,HR
845,Sales
846,Sales
847,Finance
848,HR
849,Marketing
850,Sales
851,Marketing
852,R&D
853,HR
854,Marketing
855,Engineering
856,Operations
857,Legal
858,Support
859,Legal
860,Finance
861,Engineering
862,Sales
863,Finance
864,Finance
865,Legal
866,HR
867,Sales
868,Finance
869,Support
870,Sales
871,Operations
872,HR
873,R&D
874,Sales
875,Marketing
876,Finance
877,Marketing
878,HR
879,Engineering
880,Marketing
881,Finance
882,Support
883,Support
884,Finance
885,Legal
886,HR
887,Legal
888,Finance
889,Operations
890,Finance
891,R&D
892,R&D
893,Legal
894,Legal
895,HR
896,Support
897,Engineering
898,Operations
899,IT
900,Support
901,Finance
902,Engineering
903,HR
904,Sales
905,Support
906,Support
907,Engineering
908,Finance
909,Support
910,Engineering
911,Marketing
912,Legal
913,R&D
914,Legal
915,Finance
916,Marketing
917,Support
918,Operations
919,Legal
920,HR
921,Legal
922,IT
923,Operations
924,IT
925,IT
926,HR
927,Marketing
928,IT
929,Operations
930,Legal
931,Finance
932,Operations
933,R&D
934,Engineering
935,Legal
936,HR
937,IT
938,Finance
939,IT
940,HR
941,Operations
942,R&D
943,Engineering
944,R&D
945,Legal
946,Operations
947,Engineering
948,Sales
949,R&D
950,IT
951,Support
952,Legal
953,Legal
954,Engineering
955,Sales
956,Finance
957,R&D
958,Marketing
959,Finance
960,Legal
961,Legal
962,HR
963,Engineering
964,Support
965,Sales
966,Marketing
967,Finance
968,R&D
969,Engineering
970,R&D
971,Operations
972,HR
973,Sales
974,HR
975,Legal
976,HR
977,Marketing
978,Legal
979,Finance
980,R&D
981,Finance
982,Operations
983,Legal
984,Legal
985,Sales
986,Legal
987,R&D
988,Marketing
989,Operations
990,Sales
991,Support
992,R&D
993,Marketing
994,HR
995,Finance
996,Operations
997,IT
998,R&D
999,Finance
1000,Engineering
